time_s,altitude_m,airspeed_ms,alpha_deg,pitch_deg,roll_deg,throttle,lift_N,drag_N,pos_x,pos_y,pos_z,q_bar_Pa
0.00,300.00,41.697,6.995,-6.992,0.005,0.6236,1877.66,323.06,0.0,0.4,300.0,1034.57
0.10,300.00,41.688,6.517,-6.458,0.053,0.7166,1751.55,289.62,0.0,4.6,300.0,1034.14
0.20,299.99,41.707,5.935,-5.722,0.321,0.7265,1602.37,252.84,0.0,8.8,300.0,1035.08
0.30,299.96,41.746,5.562,-5.106,0.803,0.7251,1509.66,231.53,0.0,12.9,300.0,1037.00
0.40,299.92,41.796,5.467,-4.722,1.383,0.7222,1488.96,226.76,0.0,17.1,299.9,1039.50
0.50,299.86,41.850,5.643,-4.613,1.980,0.7194,1538.02,237.31,0.0,21.3,299.9,1042.21
0.60,299.77,41.901,6.043,-4.777,2.553,0.7173,1645.39,261.85,0.0,25.5,299.8,1044.73
0.70,299.67,41.940,6.590,-5.171,3.079,0.7160,1792.15,298.12,0.0,29.7,299.7,1046.71
0.80,299.56,41.962,7.194,-5.727,3.550,0.7159,1954.67,341.96,0.0,33.9,299.6,1047.79
0.90,299.46,41.961,7.761,-6.354,3.965,0.7169,2107.54,386.83,0.1,38.1,299.5,1047.78
1.00,299.36,41.938,8.213,-6.961,4.329,0.7189,2228.23,424.94,0.1,42.2,299.4,1046.64
1.10,299.27,41.896,8.496,-7.468,4.644,0.7215,2301.13,449.44,0.1,46.4,299.3,1044.54
1.20,299.20,41.841,8.584,-7.815,4.916,0.7243,2319.28,456.36,0.2,50.6,299.2,1041.82
1.30,299.16,41.782,8.484,-7.972,5.150,0.7267,2285.40,445.92,0.2,54.8,299.2,1038.89
1.40,299.13,41.727,8.228,-7.938,5.351,0.7285,2210.04,422.01,0.3,59.0,299.1,1036.16
1.50,299.11,41.683,7.870,-7.743,5.522,0.7295,2108.89,390.67,0.3,63.1,299.1,1033.94
1.60,299.10,41.652,7.471,-7.432,5.667,0.7297,1999.29,358.05,0.4,67.3,299.1,1032.40
1.70,299.10,41.635,7.090,-7.065,5.790,0.7294,1896.97,328.97,0.5,71.5,299.1,1031.58
1.80,299.10,41.632,6.778,-6.700,5.892,0.7286,1814.96,306.65,0.6,75.6,299.1,1031.42
1.90,299.09,41.639,6.572,-6.390,5.977,0.7276,1762.03,292.69,0.7,79.8,299.1,1031.79
2.00,299.07,41.653,6.492,-6.176,6.046,0.7266,1742.43,287.53,0.8,84.0,299.1,1032.50
2.10,299.04,41.671,6.536,-6.080,6.101,0.7258,1755.35,290.71,1.0,88.1,299.0,1033.36
2.20,299.01,41.687,6.687,-6.106,6.144,0.7252,1796.00,301.16,1.1,92.3,299.0,1034.18
2.30,298.97,41.699,6.914,-6.242,6.176,0.7251,1856.67,317.28,1.3,96.5,299.0,1034.78
2.40,298.92,41.703,7.178,-6.459,6.200,0.7255,1926.76,336.65,1.4,100.6,298.9,1034.99
2.50,298.87,41.698,7.439,-6.722,6.216,0.7264,1995.32,356.37,1.6,104.8,298.9,1034.75
2.60,298.83,41.684,7.659,-6.991,6.227,0.7277,2052.65,373.52,1.8,109.0,298.8,1034.02
2.70,298.79,41.660,7.812,-7.229,6.232,0.7294,2091.04,385.45,2.0,113.1,298.8,1032.87
2.80,298.76,41.631,7.881,-7.407,6.234,0.7312,2106.63,390.61,2.2,117.3,298.8,1031.42
2.90,298.73,41.599,7.865,-7.508,6.233,0.7329,2099.16,388.70,2.4,121.4,298.7,1029.83
3.00,298.72,41.567,7.775,-7.527,6.229,0.7344,2071.95,380.74,2.6,125.6,298.7,1028.27
3.10,298.71,41.539,7.630,-7.470,6.224,0.7356,2030.56,368.57,2.8,129.7,298.7,1026.87
3.20,298.70,41.516,7.455,-7.356,6.218,0.7365,1982.20,354.51,3.1,133.9,298.7,1025.74
3.30,298.70,41.500,7.278,-7.209,6.211,0.7371,1934.20,340.80,3.3,138.0,298.7,1024.93
3.40,298.70,41.490,7.124,-7.052,6.205,0.7375,1892.79,329.19,3.6,142.2,298.7,1024.43
3.50,298.70,41.485,7.011,-6.913,6.199,0.7378,1863.04,320.97,3.9,146.3,298.7,1024.22
3.60,298.69,41.485,6.952,-6.810,6.193,0.7380,1847.61,316.74,4.2,150.4,298.7,1024.21
3.70,298.68,41.487,6.950,-6.757,6.188,0.7382,1847.14,316.59,4.5,154.6,298.7,1024.32
3.80,298.67,41.490,6.999,-6.757,6.183,0.7386,1860.19,320.14,4.8,158.7,298.7,1024.45
3.90,298.65,41.491,7.088,-6.809,6.178,0.7392,1883.71,326.64,5.1,162.9,298.7,1024.52
4.00,298.63,41.490,7.202,-6.902,6.172,0.7400,1913.38,334.98,5.5,167.0,298.6,1024.45
4.10,298.61,41.485,7.323,-7.022,6.167,0.7410,1944.46,343.90,5.8,171.1,298.6,1024.20
4.20,298.59,41.475,7.433,-7.150,6.161,0.7422,1972.47,352.11,6.1,175.3,298.6,1023.74
4.30,298.57,41.462,7.517,-7.270,6.155,0.7436,1993.53,358.43,6.5,179.4,298.6,1023.08
4.40,298.55,41.446,7.569,-7.367,6.149,0.7451,2005.59,362.18,6.9,183.5,298.6,1022.28
4.50,298.54,41.428,7.583,-7.432,6.142,0.7466,2007.41,362.93,7.3,187.6,298.5,1021.39
4.60,298.53,41.409,7.561,-7.458,6.134,0.7481,1999.86,360.89,7.7,191.8,298.5,1020.48
4.70,298.53,41.392,7.511,-7.449,6.126,0.7494,1984.97,356.68,8.1,195.9,298.5,1019.61
4.80,298.52,41.376,7.442,-7.408,6.117,0.7507,1965.38,351.11,8.5,200.0,298.5,1018.84
4.90,298.52,41.363,7.365,-7.345,6.107,0.7518,1944.23,345.10,8.9,204.1,298.5,1018.20
5.00,298.52,41.353,7.294,-7.272,6.096,0.7528,1924.65,339.57,9.3,208.2,298.5,1017.71
5.10,298.52,41.346,7.237,-7.200,6.085,0.7538,1909.05,335.19,9.8,212.3,298.5,1017.36
5.20,298.52,41.341,7.200,-7.139,6.072,0.7547,1899.06,332.41,10.2,216.5,298.5,1017.12
5.30,298.51,41.338,7.188,-7.097,6.058,0.7556,1895.56,331.45,10.7,220.6,298.5,1016.95
5.40,298.51,41.335,7.199,-7.078,6.044,0.7565,1898.36,332.27,11.2,224.7,298.5,1016.83
5.50,298.50,41.333,7.231,-7.083,6.028,0.7573,1906.37,334.56,11.6,228.8,298.5,1016.70
5.60,298.49,41.329,7.277,-7.109,6.012,0.7576,1918.04,337.92,12.1,232.9,298.5,1016.53
5.70,298.49,41.324,7.330,-7.151,5.994,0.7579,1931.33,341.78,12.6,237.0,298.5,1016.29
5.80,298.48,41.317,7.382,-7.203,5.977,0.7583,1944.16,345.56,13.2,241.1,298.5,1015.95
5.90,298.47,41.309,7.425,-7.256,5.959,0.7588,1954.79,348.74,13.7,245.2,298.5,1015.53
6.00,298.46,41.298,7.456,-7.303,5.941,0.7593,1961.82,350.90,14.2,249.3,298.5,1015.03
6.10,298.46,41.287,7.471,-7.340,5.923,0.7599,1964.58,351.83,14.8,253.4,298.5,1014.48
6.20,298.45,41.275,7.469,-7.361,5.905,0.7604,1962.94,351.48,15.3,257.5,298.5,1013.90
6.30,298.45,41.264,7.452,-7.368,5.887,0.7609,1957.57,350.03,15.9,261.5,298.4,1013.33
6.40,298.45,41.253,7.425,-7.360,5.870,0.7612,1949.40,347.76,16.5,265.6,298.4,1012.79
6.50,298.45,41.243,7.392,-7.341,5.854,0.7616,1939.87,345.10,17.0,269.7,298.4,1012.30
6.60,298.45,41.234,7.358,-7.316,5.838,0.7618,1930.28,342.41,17.6,273.8,298.4,1011.88
6.70,298.45,41.227,7.328,-7.289,5.823,0.7620,1921.81,340.05,18.2,277.9,298.4,1011.52
6.80,298.45,41.221,7.307,-7.265,5.810,0.7622,1915.79,338.38,18.9,281.9,298.4,1011.21
6.90,298.45,41.215,7.296,-7.249,5.797,0.7623,1912.52,337.50,19.5,286.0,298.4,1010.95
7.00,298.44,41.211,7.297,-7.241,5.784,0.7625,1912.16,337.44,20.1,290.1,298.4,1010.72
7.10,298.44,41.206,7.308,-7.245,5.773,0.7626,1914.55,338.18,20.8,294.2,298.4,1010.49
7.20,298.44,41.201,7.327,-7.258,5.762,0.7628,1919.04,339.52,21.4,298.2,298.4,1010.25
7.30,298.43,41.196,7.351,-7.280,5.751,0.7631,1924.80,341.23,22.1,302.3,298.4,1009.98
7.40,298.43,41.189,7.377,-7.307,5.741,0.7634,1931.01,343.09,22.7,306.4,298.4,1009.68
7.50,298.43,41.182,7.401,-7.335,5.731,0.7637,1936.65,344.80,23.4,310.4,298.4,1009.34
7.60,298.42,41.175,7.421,-7.362,5.721,0.7641,1940.93,346.13,24.1,314.5,298.4,1008.96
7.70,298.42,41.166,7.434,-7.383,5.711,0.7645,1943.49,346.97,24.8,318.5,298.4,1008.54
7.80,298.42,41.157,7.439,-7.398,5.701,0.7649,1944.07,347.23,25.5,322.6,298.4,1008.11
7.90,298.41,41.148,7.438,-7.406,5.690,0.7653,1942.87,346.98,26.2,326.7,298.4,1007.67
8.00,298.41,41.140,7.431,-7.406,5.680,0.7656,1940.18,346.28,27.0,330.7,298.4,1007.24
8.10,298.41,41.131,7.420,-7.399,5.668,0.7659,1936.50,345.30,27.7,334.7,298.4,1006.83
8.20,298.41,41.123,7.407,-7.388,5.657,0.7662,1932.48,344.22,28.4,338.8,298.4,1006.44
8.30,298.41,41.116,7.395,-7.374,5.645,0.7665,1928.60,343.17,29.2,342.8,298.4,1006.07
8.40,298.41,41.109,7.384,-7.358,5.632,0.7667,1925.21,342.26,30.0,346.9,298.4,1005.74
8.50,298.41,41.102,7.379,-7.346,5.620,0.7669,1923.21,341.74,30.7,350.9,298.4,1005.42
8.60,298.41,41.096,7.378,-7.338,5.607,0.7671,1922.38,341.57,31.5,354.9,298.4,1005.12
8.70,298.41,41.090,7.381,-7.333,5.595,0.7674,1922.75,341.74,32.3,359.0,298.4,1004.83
8.80,298.41,41.084,7.389,-7.334,5.582,0.7676,1924.18,342.22,33.1,363.0,298.4,1004.54
8.90,298.41,41.078,7.399,-7.339,5.570,0.7678,1926.35,342.91,33.9,367.0,298.4,1004.24
9.00,298.41,41.072,7.411,-7.348,5.558,0.7681,1928.77,343.68,34.7,371.1,298.4,1003.93
9.10,298.40,41.065,7.422,-7.358,5.546,0.7684,1930.98,344.40,35.6,375.1,298.4,1003.60
9.20,298.40,41.058,7.432,-7.369,5.534,0.7687,1932.94,345.04,36.4,379.1,298.4,1003.26
9.30,298.40,41.051,7.441,-7.381,5.522,0.7690,1934.42,345.55,37.2,383.1,298.4,1002.91
9.40,298.40,41.043,7.446,-7.390,5.511,0.7693,1935.01,345.80,38.1,387.1,298.4,1002.54
9.50,298.40,41.036,7.447,-7.397,5.500,0.7697,1934.73,345.80,39.0,391.1,298.4,1002.17
9.60,298.40,41.028,7.446,-7.401,5.490,0.7700,1933.70,345.58,39.8,395.2,298.4,1001.80
9.70,298.40,41.021,7.443,-7.403,5.480,0.7702,1932.13,345.20,40.7,399.2,298.4,1001.45
9.80,298.40,41.014,7.437,-7.402,5.471,0.7705,1930.09,344.68,41.6,403.2,298.4,1001.10
9.90,298.40,41.007,7.433,-7.401,5.463,0.7708,1928.26,344.22,42.5,407.2,298.4,1000.76
10.00,298.40,41.000,7.429,-7.400,5.454,0.7710,1926.70,343.84,43.4,411.2,298.4,1000.44
10.10,298.40,40.994,7.426,-7.398,5.447,0.7712,1925.38,343.52,44.3,415.2,298.4,1000.13
10.20,298.40,40.988,7.424,-7.397,5.440,0.7715,1924.28,343.26,45.3,419.2,298.4,999.83
10.30,298.40,40.982,7.425,-7.398,5.433,0.7717,1923.88,343.21,46.2,423.1,298.4,999.54
10.40,298.40,40.976,7.427,-7.399,5.427,0.7719,1923.92,343.28,47.1,427.1,298.4,999.26
10.50,298.40,40.970,7.432,-7.404,5.422,0.7721,1924.60,343.54,48.1,431.1,298.4,998.97
10.60,298.40,40.964,7.438,-7.410,5.416,0.7724,1925.56,343.89,49.1,435.1,298.4,998.69
10.70,298.40,40.958,7.445,-7.417,5.411,0.7726,1926.85,344.33,50.0,439.1,298.4,998.40
10.80,298.39,40.952,7.452,-7.424,5.406,0.7729,1927.98,344.72,51.0,443.1,298.4,998.10
10.90,298.39,40.946,7.458,-7.432,5.401,0.7731,1928.96,345.08,52.0,447.0,298.4,997.79
11.00,298.39,40.940,7.464,-7.438,5.396,0.7734,1929.80,345.39,53.0,451.0,298.4,997.48
11.10,298.39,40.933,7.468,-7.444,5.391,0.7737,1930.30,345.61,54.0,455.0,298.4,997.16
11.20,298.39,40.927,7.470,-7.448,5.386,0.7739,1930.24,345.66,55.0,458.9,298.4,996.85
11.30,298.39,40.920,7.472,-7.450,5.381,0.7742,1930.09,345.69,56.0,462.9,298.4,996.53
11.40,298.39,40.914,7.472,-7.450,5.375,0.7745,1929.40,345.55,57.1,466.9,298.4,996.21
11.50,298.39,40.907,7.472,-7.450,5.369,0.7747,1928.80,345.45,58.1,470.8,298.4,995.90
11.60,298.39,40.901,7.471,-7.448,5.363,0.7750,1928.07,345.30,59.2,474.8,298.4,995.59
11.70,298.39,40.895,7.469,-7.445,5.356,0.7752,1927.06,345.07,60.2,478.7,298.4,995.29
11.80,298.39,40.889,7.468,-7.442,5.349,0.7754,1926.27,344.90,61.3,482.7,298.4,995.00
11.90,298.39,40.883,7.468,-7.439,5.342,0.7756,1925.70,344.80,62.4,486.6,298.4,994.71
12.00,298.39,40.877,7.471,-7.439,5.334,0.7759,1925.91,344.92,63.4,490.6,298.4,994.43
12.10,298.39,40.871,7.475,-7.440,5.326,0.7761,1926.28,345.10,64.5,494.5,298.4,994.15
12.20,298.39,40.865,7.479,-7.442,5.318,0.7763,1926.66,345.27,65.6,498.4,298.4,993.87
12.30,298.39,40.860,7.482,-7.444,5.310,0.7766,1927.03,345.44,66.7,502.4,298.4,993.58
12.40,298.39,40.854,7.486,-7.447,5.301,0.7768,1927.37,345.60,67.9,506.3,298.4,993.29
12.50,298.39,40.848,7.489,-7.450,5.293,0.7771,1927.66,345.75,69.0,510.2,298.4,993.01
12.60,298.39,40.842,7.492,-7.454,5.284,0.7773,1927.91,345.89,70.1,514.1,298.4,992.72
12.70,298.39,40.836,7.495,-7.458,5.276,0.7775,1928.10,346.01,71.3,518.1,298.4,992.43
12.80,298.39,40.830,7.498,-7.462,5.268,0.7778,1928.23,346.12,72.4,522.0,298.4,992.14
12.90,298.39,40.824,7.499,-7.465,5.260,0.7780,1927.95,346.10,73.6,525.9,298.4,991.85
13.00,298.39,40.818,7.499,-7.467,5.252,0.7782,1927.28,345.97,74.7,529.8,298.4,991.56
13.10,298.39,40.812,7.498,-7.468,5.244,0.7785,1926.66,345.85,75.9,533.7,298.4,991.28
13.20,298.39,40.806,7.498,-7.469,5.237,0.7787,1926.09,345.74,77.1,537.6,298.4,991.00
13.30,298.39,40.801,7.498,-7.470,5.230,0.7789,1925.57,345.65,78.3,541.5,298.4,990.73
13.40,298.39,40.795,7.498,-7.471,5.223,0.7791,1925.10,345.57,79.5,545.4,298.4,990.46
13.50,298.39,40.790,7.499,-7.473,5.216,0.7793,1924.83,345.55,80.7,549.3,298.4,990.20
13.60,298.39,40.785,7.502,-7.477,5.210,0.7795,1925.13,345.69,81.9,553.2,298.4,989.94
13.70,298.39,40.779,7.506,-7.480,5.204,0.7797,1925.40,345.83,83.1,557.1,298.4,989.68
13.80,298.39,40.774,7.508,-7.484,5.198,0.7800,1925.61,345.95,84.4,561.0,298.4,989.42
13.90,298.39,40.769,7.511,-7.487,5.193,0.7802,1925.77,346.05,85.6,564.9,298.4,989.16
14.00,298.39,40.763,7.513,-7.490,5.187,0.7804,1925.88,346.15,86.9,568.7,298.4,988.90
14.10,298.39,40.758,7.516,-7.493,5.182,0.7806,1925.96,346.23,88.1,572.6,298.4,988.64
14.20,298.38,40.752,7.518,-7.496,5.176,0.7808,1926.02,346.31,89.4,576.5,298.4,988.38
14.30,298.38,40.747,7.520,-7.498,5.171,0.7810,1926.07,346.38,90.7,580.4,298.4,988.12
14.40,298.38,40.742,7.522,-7.500,5.165,0.7812,1926.12,346.45,92.0,584.2,298.4,987.86
14.50,298.38,40.736,7.524,-7.502,5.160,0.7815,1926.17,346.52,93.2,588.1,298.4,987.60
14.60,298.38,40.731,7.527,-7.503,5.154,0.7817,1926.22,346.60,94.5,592.0,298.4,987.35
14.70,298.38,40.726,7.529,-7.505,5.148,0.7819,1926.28,346.67,95.9,595.8,298.4,987.09
14.80,298.38,40.721,7.531,-7.507,5.142,0.7821,1926.35,346.75,97.2,599.7,298.4,986.83
14.90,298.38,40.715,7.533,-7.508,5.136,0.7823,1926.42,346.83,98.5,603.5,298.4,986.57
15.00,298.38,40.710,7.536,-7.510,5.129,0.7825,1926.50,346.91,99.8,607.4,298.4,986.32
15.10,298.38,40.705,7.538,-7.512,5.122,0.7827,1926.59,347.00,101.2,611.2,298.4,986.06
15.20,298.38,40.699,7.540,-7.514,5.115,0.7829,1926.67,347.08,102.5,615.1,298.4,985.80
15.30,298.38,40.694,7.540,-7.513,5.108,0.7832,1926.14,346.98,103.9,618.9,298.4,985.55
15.40,298.38,40.689,7.540,-7.512,5.101,0.7834,1925.58,346.87,105.2,622.7,298.4,985.29
15.50,298.38,40.684,7.540,-7.511,5.093,0.7836,1925.11,346.79,106.6,626.6,298.4,985.05
15.60,298.38,40.679,7.540,-7.511,5.086,0.7837,1924.73,346.73,108.0,630.4,298.4,984.80
15.70,298.38,40.674,7.541,-7.510,5.078,0.7839,1924.44,346.70,109.4,634.2,298.4,984.57
15.80,298.38,40.669,7.544,-7.513,5.071,0.7841,1924.80,346.86,110.8,638.0,298.4,984.33
15.90,298.38,40.664,7.548,-7.516,5.063,0.7843,1925.24,347.04,112.2,641.8,298.4,984.09
16.00,298.38,40.659,7.551,-7.520,5.056,0.7845,1925.60,347.20,113.6,645.7,298.4,983.85
16.10,298.38,40.654,7.554,-7.523,5.048,0.7847,1925.88,347.34,115.0,649.5,298.4,983.61
16.20,298.38,40.649,7.557,-7.527,5.041,0.7849,1926.09,347.46,116.4,653.3,298.4,983.36
16.30,298.38,40.644,7.559,-7.530,5.033,0.7851,1926.13,347.53,117.9,657.1,298.4,983.12
16.40,298.38,40.639,7.558,-7.531,5.026,0.7853,1925.54,347.41,119.3,660.9,298.4,982.88
16.50,298.38,40.634,7.558,-7.532,5.019,0.7855,1924.95,347.29,120.7,664.7,298.4,982.64
16.60,298.38,40.629,7.558,-7.532,5.013,0.7857,1924.41,347.18,122.2,668.5,298.4,982.41
16.70,298.38,40.624,7.557,-7.532,5.006,0.7859,1923.93,347.09,123.7,672.3,298.4,982.18
16.80,298.38,40.620,7.559,-7.534,5.000,0.7861,1923.78,347.10,125.1,676.0,298.4,981.95
16.90,298.38,40.615,7.561,-7.537,4.993,0.7863,1924.08,347.24,126.6,679.8,298.4,981.73
17.00,298.38,40.611,7.564,-7.540,4.987,0.7864,1924.34,347.36,128.1,683.6,298.4,981.51
17.10,298.38,40.606,7.567,-7.543,4.981,0.7866,1924.53,347.47,129.6,687.4,298.4,981.28
17.20,298.38,40.601,7.569,-7.546,4.975,0.7868,1924.68,347.57,131.1,691.1,298.4,981.06
17.30,298.38,40.597,7.571,-7.548,4.970,0.7870,1924.79,347.65,132.6,694.9,298.4,980.83
17.40,298.38,40.592,7.573,-7.551,4.964,0.7872,1924.86,347.72,134.1,698.7,298.4,980.61
17.50,298.38,40.587,7.575,-7.553,4.958,0.7874,1924.91,347.79,135.7,702.4,298.4,980.38
17.60,298.38,40.583,7.577,-7.555,4.952,0.7876,1924.94,347.85,137.2,706.2,298.4,980.16
17.70,298.38,40.578,7.579,-7.557,4.946,0.7877,1924.96,347.91,138.8,710.0,298.4,979.94
17.80,298.38,40.573,7.581,-7.559,4.941,0.7879,1924.98,347.96,140.3,713.7,298.4,979.71
17.90,298.38,40.569,7.582,-7.561,4.935,0.7881,1924.99,348.02,141.9,717.4,298.4,979.49
18.00,298.38,40.564,7.584,-7.563,4.929,0.7883,1925.00,348.07,143.4,721.2,298.4,979.27
18.10,298.38,40.560,7.585,-7.563,4.923,0.7885,1924.66,348.02,145.0,724.9,298.4,979.05
18.20,298.38,40.555,7.584,-7.561,4.916,0.7886,1924.01,347.88,146.6,728.7,298.4,978.83
18.30,298.38,40.551,7.583,-7.560,4.910,0.7888,1923.45,347.76,148.2,732.4,298.4,978.62
18.40,298.38,40.546,7.585,-7.561,4.903,0.7890,1923.56,347.84,149.8,736.1,298.4,978.41
18.50,298.38,40.542,7.588,-7.562,4.897,0.7892,1923.85,347.97,151.4,739.9,298.4,978.20
18.60,298.38,40.538,7.591,-7.564,4.890,0.7893,1924.11,348.10,153.0,743.6,298.4,977.99
18.70,298.37,40.533,7.593,-7.566,4.883,0.7895,1924.35,348.22,154.6,747.3,298.4,977.78
18.80,298.37,40.529,7.596,-7.569,4.876,0.7897,1924.55,348.33,156.2,751.0,298.4,977.57
18.90,298.37,40.525,7.598,-7.571,4.869,0.7899,1924.72,348.43,157.8,754.7,298.4,977.35
19.00,298.37,40.520,7.600,-7.573,4.862,0.7900,1924.85,348.52,159.5,758.4,298.4,977.14
19.10,298.37,40.516,7.602,-7.576,4.855,0.7902,1924.90,348.58,161.1,762.1,298.4,976.93
19.20,298.37,40.511,7.601,-7.576,4.848,0.7904,1924.32,348.46,162.8,765.8,298.4,976.72
19.30,298.37,40.507,7.601,-7.575,4.841,0.7906,1923.74,348.33,164.4,769.5,298.4,976.51
19.40,298.37,40.503,7.600,-7.575,4.834,0.7907,1923.23,348.22,166.1,773.2,298.4,976.31
19.50,298.37,40.499,7.600,-7.574,4.827,0.7909,1922.80,348.14,167.8,776.9,298.4,976.11
19.60,298.37,40.495,7.603,-7.576,4.821,0.7910,1923.03,348.26,169.5,780.6,298.4,975.91
19.70,298.37,40.491,7.605,-7.579,4.814,0.7912,1923.34,348.39,171.2,784.3,298.4,975.72
19.80,298.37,40.486,7.608,-7.582,4.807,0.7914,1923.59,348.51,172.9,787.9,298.4,975.52
19.90,298.37,40.482,7.610,-7.585,4.801,0.7915,1923.78,348.62,174.6,791.6,298.4,975.32
20.00,298.37,40.478,7.612,-7.587,4.794,0.7917,1923.92,348.71,176.3,795.3,298.4,975.12
20.10,298.37,40.474,7.614,-7.590,4.788,0.7919,1924.02,348.78,178.0,798.9,298.4,974.92
20.20,298.37,40.470,7.616,-7.593,4.782,0.7920,1924.07,348.84,179.7,802.6,298.4,974.72
20.30,298.37,40.466,7.618,-7.595,4.776,0.7922,1924.09,348.90,181.5,806.3,298.4,974.52
20.40,298.37,40.462,7.619,-7.598,4.770,0.7924,1924.09,348.94,183.2,809.9,298.4,974.33
20.50,298.37,40.458,7.620,-7.599,4.764,0.7925,1923.91,348.93,184.9,813.6,298.4,974.13
20.60,298.37,40.454,7.619,-7.599,4.758,0.7927,1923.20,348.77,186.7,817.2,298.4,973.93
20.70,298.37,40.450,7.618,-7.597,4.752,0.7928,1922.55,348.61,188.5,820.8,298.4,973.74
20.80,298.37,40.446,7.619,-7.598,4.746,0.7930,1922.41,348.62,190.2,824.5,298.4,973.56
20.90,298.37,40.442,7.621,-7.599,4.740,0.7931,1922.61,348.72,192.0,828.1,298.4,973.37
21.00,298.37,40.438,7.623,-7.601,4.734,0.7933,1922.79,348.82,193.8,831.7,298.4,973.19
21.10,298.37,40.434,7.625,-7.603,4.728,0.7934,1922.96,348.91,195.6,835.4,298.4,973.01
21.20,298.37,40.430,7.627,-7.605,4.722,0.7936,1923.10,348.99,197.4,839.0,298.4,972.82
21.30,298.37,40.427,7.629,-7.606,4.716,0.7937,1923.23,349.08,199.2,842.6,298.4,972.64
21.40,298.37,40.423,7.631,-7.608,4.710,0.7939,1923.33,349.15,201.0,846.2,298.4,972.45
21.50,298.37,40.419,7.633,-7.610,4.704,0.7940,1923.43,349.22,202.8,849.8,298.4,972.27
21.60,298.37,40.415,7.635,-7.611,4.698,0.7942,1923.50,349.29,204.6,853.4,298.4,972.08
21.70,298.37,40.411,7.636,-7.613,4.692,0.7944,1923.57,349.35,206.5,857.0,298.4,971.89
21.80,298.37,40.407,7.638,-7.615,4.685,0.7945,1923.62,349.41,208.3,860.6,298.4,971.71
21.90,298.37,40.403,7.640,-7.616,4.679,0.7947,1923.67,349.47,210.1,864.2,298.4,971.52
22.00,298.37,40.400,7.641,-7.618,4.673,0.7948,1923.70,349.52,212.0,867.8,298.4,971.34
22.10,298.37,40.396,7.641,-7.618,4.666,0.7950,1923.17,349.40,213.8,871.4,298.4,971.15
22.20,298.37,40.392,7.640,-7.617,4.659,0.7951,1922.54,349.26,215.7,875.0,298.4,970.97
22.30,298.37,40.388,7.639,-7.615,4.653,0.7953,1922.00,349.14,217.6,878.6,298.4,970.80
22.40,298.37,40.385,7.640,-7.616,4.646,0.7954,1921.89,349.14,219.5,882.1,298.4,970.63
22.50,298.37,40.381,7.642,-7.617,4.640,0.7955,1922.18,349.27,221.4,885.7,298.4,970.46
22.60,298.37,40.378,7.645,-7.620,4.633,0.7957,1922.45,349.39,223.2,889.3,298.4,970.29
22.70,298.37,40.374,7.647,-7.622,4.627,0.7958,1922.67,349.50,225.1,892.8,298.4,970.11
22.80,298.37,40.370,7.649,-7.624,4.620,0.7960,1922.84,349.59,227.1,896.4,298.4,969.94
22.90,298.37,40.367,7.651,-7.626,4.614,0.7961,1922.98,349.67,229.0,900.0,298.4,969.77
23.00,298.36,40.363,7.653,-7.629,4.607,0.7963,1923.08,349.74,230.9,903.5,298.4,969.59
23.10,298.36,40.360,7.654,-7.631,4.601,0.7964,1923.14,349.80,232.8,907.1,298.4,969.42
23.20,298.36,40.356,7.656,-7.633,4.595,0.7965,1923.18,349.85,234.7,910.6,298.4,969.24
23.30,298.36,40.352,7.657,-7.636,4.588,0.7967,1923.18,349.90,236.7,914.1,298.4,969.07
23.40,298.36,40.349,7.656,-7.635,4.582,0.7968,1922.62,349.77,238.6,917.7,298.4,968.90
23.50,298.36,40.345,7.655,-7.634,4.576,0.7970,1921.95,349.61,240.6,921.2,298.4,968.73
23.60,298.36,40.342,7.654,-7.633,4.570,0.7971,1921.37,349.47,242.5,924.7,298.4,968.56
23.70,298.36,40.339,7.655,-7.634,4.564,0.7972,1921.43,349.53,244.5,928.3,298.4,968.40
23.80,298.36,40.335,7.658,-7.636,4.558,0.7974,1921.66,349.63,246.5,931.8,298.4,968.25
23.90,298.36,40.332,7.660,-7.638,4.552,0.7975,1921.85,349.73,248.5,935.3,298.4,968.09
24.00,298.36,40.329,7.662,-7.640,4.547,0.7976,1922.02,349.82,250.4,938.8,298.4,967.93
24.10,298.36,40.325,7.663,-7.642,4.541,0.7978,1922.16,349.90,252.4,942.3,298.4,967.76
24.20,298.36,40.322,7.665,-7.643,4.535,0.7979,1922.27,349.97,254.4,945.8,298.4,967.60
24.30,298.36,40.318,7.667,-7.645,4.529,0.7980,1922.36,350.03,256.4,949.3,298.4,967.44
24.40,298.36,40.315,7.668,-7.647,4.523,0.7982,1922.44,350.09,258.5,952.8,298.4,967.28
24.50,298.36,40.312,7.670,-7.649,4.517,0.7983,1922.49,350.15,260.5,956.3,298.4,967.12
24.60,298.36,40.308,7.671,-7.650,4.511,0.7984,1922.54,350.20,262.5,959.8,298.4,966.96
24.70,298.36,40.305,7.673,-7.652,4.505,0.7986,1922.57,350.25,264.5,963.3,298.4,966.80
24.80,298.36,40.302,7.674,-7.653,4.499,0.7987,1922.59,350.29,266.6,966.7,298.4,966.63
24.90,298.36,40.298,7.675,-7.655,4.493,0.7988,1922.60,350.33,268.6,970.2,298.4,966.47
25.00,298.36,40.295,7.675,-7.655,4.487,0.7990,1922.27,350.27,270.7,973.7,298.4,966.31
25.10,298.36,40.292,7.674,-7.654,4.481,0.7991,1921.60,350.11,272.7,977.1,298.4,966.16
25.20,298.36,40.288,7.673,-7.652,4.475,0.7992,1921.04,349.97,274.8,980.6,298.4,966.00
25.30,298.36,40.285,7.674,-7.652,4.469,0.7993,1920.97,349.99,276.8,984.1,298.4,965.86
25.40,298.36,40.282,7.676,-7.654,4.463,0.7994,1921.24,350.11,278.9,987.5,298.4,965.71
25.50,298.36,40.279,7.678,-7.656,4.457,0.7996,1921.48,350.21,281.0,991.0,298.4,965.56
25.60,298.36,40.276,7.680,-7.657,4.450,0.7997,1921.69,350.31,283.1,994.4,298.4,965.41
25.70,298.36,40.273,7.682,-7.659,4.444,0.7998,1921.87,350.40,285.2,997.8,298.4,965.26
25.80,298.36,40.270,7.684,-7.661,4.438,0.8000,1922.02,350.48,287.3,1001.3,298.4,965.11
25.90,298.36,40.267,7.686,-7.663,4.432,0.8001,1922.13,350.55,289.4,1004.7,298.4,964.96
26.00,298.36,40.263,7.687,-7.665,4.425,0.8002,1922.22,350.61,291.5,1008.1,298.4,964.81
26.10,298.36,40.260,7.689,-7.667,4.419,0.8003,1922.27,350.67,293.6,1011.6,298.4,964.65
26.20,298.36,40.257,7.690,-7.669,4.413,0.8005,1922.31,350.71,295.8,1015.0,298.4,964.50
26.30,298.36,40.254,7.690,-7.669,4.407,0.8006,1921.91,350.63,297.9,1018.4,298.4,964.35
26.40,298.36,40.251,7.688,-7.668,4.401,0.8007,1921.26,350.47,300.0,1021.8,298.4,964.20
26.50,298.36,40.248,7.687,-7.667,4.395,0.8008,1920.69,350.33,302.2,1025.2,298.4,964.06
26.60,298.36,40.245,7.687,-7.667,4.389,0.8009,1920.41,350.28,304.3,1028.6,298.4,963.92
26.70,298.36,40.242,7.689,-7.668,4.383,0.8010,1920.67,350.39,306.5,1032.0,298.4,963.78
26.80,298.36,40.239,7.691,-7.670,4.377,0.8012,1920.92,350.50,308.6,1035.4,298.4,963.64
26.90,298.36,40.236,7.693,-7.672,4.371,0.8013,1921.13,350.60,310.8,1038.8,298.4,963.50
27.00,298.36,40.233,7.695,-7.674,4.365,0.8014,1921.31,350.68,313.0,1042.2,298.4,963.36
27.10,298.36,40.230,7.697,-7.676,4.359,0.8015,1921.45,350.76,315.2,1045.6,298.4,963.22
27.20,298.35,40.228,7.698,-7.678,4.354,0.8016,1921.56,350.83,317.3,1048.9,298.4,963.08
27.30,298.35,40.225,7.700,-7.680,4.348,0.8017,1921.65,350.89,319.5,1052.3,298.4,962.94
27.40,298.35,40.222,7.701,-7.681,4.342,0.8019,1921.71,350.94,321.7,1055.7,298.4,962.80
27.50,298.35,40.219,7.703,-7.683,4.336,0.8020,1921.75,350.99,323.9,1059.0,298.4,962.66
27.60,298.35,40.216,7.704,-7.685,4.331,0.8021,1921.78,351.03,326.2,1062.4,298.4,962.52
27.70,298.35,40.213,7.705,-7.686,4.325,0.8022,1921.78,351.06,328.4,1065.8,298.4,962.37
27.80,298.35,40.210,7.704,-7.686,4.319,0.8023,1921.19,350.92,330.6,1069.1,298.4,962.23
27.90,298.35,40.207,7.702,-7.684,4.313,0.8024,1920.56,350.76,332.8,1072.5,298.4,962.10
28.00,298.35,40.204,7.701,-7.682,4.308,0.8025,1920.04,350.63,335.1,1075.8,298.4,961.97
28.10,298.35,40.202,7.703,-7.683,4.302,0.8026,1920.19,350.71,337.3,1079.1,298.4,961.84
28.20,298.35,40.199,7.705,-7.685,4.296,0.8028,1920.46,350.82,339.5,1082.5,298.4,961.71
28.30,298.35,40.196,7.707,-7.686,4.290,0.8029,1920.70,350.92,341.8,1085.8,298.4,961.58
28.40,298.35,40.193,7.709,-7.688,4.284,0.8030,1920.91,351.02,344.0,1089.1,298.4,961.45
28.50,298.35,40.191,7.711,-7.690,4.278,0.8031,1921.08,351.10,346.3,1092.4,298.4,961.32
28.60,298.35,40.188,7.712,-7.692,4.272,0.8032,1921.23,351.18,348.6,1095.8,298.4,961.19
28.70,298.35,40.185,7.714,-7.693,4.267,0.8033,1921.35,351.25,350.9,1099.1,298.4,961.05
28.80,298.35,40.182,7.715,-7.695,4.261,0.8034,1921.44,351.31,353.1,1102.4,298.4,960.92
28.90,298.35,40.179,7.717,-7.697,4.255,0.8035,1921.51,351.36,355.4,1105.7,298.4,960.78
29.00,298.35,40.177,7.718,-7.699,4.249,0.8037,1921.52,351.39,357.7,1109.0,298.4,960.65
29.10,298.35,40.174,7.716,-7.698,4.243,0.8038,1920.92,351.24,360.0,1112.3,298.4,960.52
29.20,298.35,40.171,7.715,-7.696,4.237,0.8039,1920.32,351.09,362.3,1115.6,298.4,960.39
29.30,298.35,40.169,7.714,-7.695,4.231,0.8040,1919.81,350.97,364.6,1118.9,298.4,960.26
29.40,298.35,40.166,7.715,-7.695,4.225,0.8041,1919.72,350.97,366.9,1122.1,298.4,960.14
29.50,298.35,40.164,7.717,-7.697,4.219,0.8042,1920.03,351.09,369.3,1125.4,298.3,960.02
29.60,298.35,40.161,7.719,-7.698,4.213,0.8043,1920.30,351.21,371.6,1128.7,298.3,959.90
29.70,298.35,40.158,7.721,-7.700,4.207,0.8044,1920.54,351.31,373.9,1132.0,298.3,959.78
29.80,298.35,40.156,7.723,-7.702,4.202,0.8045,1920.73,351.39,376.3,1135.2,298.3,959.66
29.90,298.35,40.153,7.724,-7.704,4.196,0.8046,1920.89,351.47,378.6,1138.5,298.3,959.53
30.00,298.35,40.151,7.726,-7.706,4.190,0.8047,1921.01,351.54,381.0,1141.7,298.3,959.41
30.10,298.35,40.148,7.727,-7.708,4.184,0.8048,1921.10,351.60,383.3,1145.0,298.3,959.28
30.20,298.35,40.145,7.728,-7.710,4.179,0.8049,1921.16,351.65,385.7,1148.2,298.3,959.15
30.30,298.35,40.143,7.729,-7.711,4.173,0.8050,1921.00,351.63,388.0,1151.5,298.3,959.03
30.40,298.35,40.140,7.727,-7.710,4.167,0.8051,1920.36,351.46,390.4,1154.7,298.3,958.90
30.50,298.35,40.138,7.726,-7.708,4.162,0.8052,1919.78,351.32,392.8,1158.0,298.3,958.78
30.60,298.35,40.135,7.725,-7.707,4.156,0.8053,1919.30,351.20,395.2,1161.2,298.3,958.67
30.70,298.35,40.133,7.726,-7.708,4.150,0.8054,1919.43,351.27,397.6,1164.4,298.3,958.56
30.80,298.35,40.131,7.728,-7.709,4.145,0.8055,1919.74,351.38,399.9,1167.6,298.3,958.45
30.90,298.35,40.128,7.730,-7.711,4.139,0.8056,1920.00,351.49,402.3,1170.9,298.3,958.33
31.00,298.35,40.126,7.732,-7.713,4.134,0.8057,1920.23,351.59,404.7,1174.1,298.3,958.22
31.10,298.35,40.123,7.734,-7.715,4.128,0.8058,1920.42,351.68,407.2,1177.3,298.3,958.10
31.20,298.35,40.121,7.736,-7.717,4.122,0.8059,1920.58,351.75,409.6,1180.5,298.3,957.98
31.30,298.35,40.118,7.737,-7.718,4.117,0.8060,1920.71,351.82,412.0,1183.7,298.3,957.86
31.40,298.35,40.116,7.738,-7.720,4.111,0.8061,1920.81,351.88,414.4,1186.9,298.3,957.75
31.50,298.34,40.113,7.740,-7.722,4.106,0.8062,1920.89,351.93,416.9,1190.1,298.3,957.63
31.60,298.34,40.111,7.740,-7.723,4.100,0.8063,1920.74,351.91,419.3,1193.3,298.3,957.51
31.70,298.34,40.108,7.738,-7.722,4.094,0.8064,1920.11,351.75,421.7,1196.4,298.3,957.39
31.80,298.34,40.106,7.737,-7.720,4.089,0.8064,1919.56,351.61,424.2,1199.6,298.3,957.28
31.90,298.34,40.104,7.736,-7.719,4.083,0.8065,1919.09,351.49,426.6,1202.8,298.3,957.17
32.00,298.34,40.102,7.736,-7.718,4.077,0.8066,1918.97,351.48,429.1,1206.0,298.3,957.06
32.10,298.34,40.099,7.739,-7.720,4.072,0.8067,1919.31,351.61,431.6,1209.1,298.3,956.96
32.20,298.34,40.097,7.741,-7.722,4.066,0.8068,1919.63,351.74,434.0,1212.3,298.3,956.85
32.30,298.34,40.095,7.743,-7.723,4.060,0.8069,1919.90,351.85,436.5,1215.4,298.3,956.74
32.40,298.34,40.093,7.745,-7.725,4.055,0.8070,1920.13,351.94,439.0,1218.6,298.3,956.63
32.50,298.34,40.090,7.746,-7.727,4.049,0.8071,1920.32,352.03,441.5,1221.7,298.3,956.52
32.60,298.34,40.088,7.748,-7.729,4.043,0.8072,1920.48,352.10,443.9,1224.9,298.3,956.41
32.70,298.34,40.086,7.749,-7.731,4.038,0.8073,1920.59,352.16,446.4,1228.0,298.3,956.30
32.80,298.34,40.083,7.751,-7.733,4.032,0.8074,1920.68,352.22,448.9,1231.1,298.3,956.19
32.90,298.34,40.081,7.750,-7.733,4.026,0.8075,1920.21,352.10,451.4,1234.3,298.3,956.07
33.00,298.34,40.079,7.748,-7.731,4.021,0.8075,1919.62,351.95,454.0,1237.4,298.3,955.96
33.10,298.34,40.076,7.747,-7.730,4.015,0.8076,1919.11,351.82,456.5,1240.5,298.3,955.86
33.20,298.34,40.074,7.746,-7.729,4.009,0.8077,1918.68,351.71,459.0,1243.6,298.3,955.76
33.30,298.34,40.072,7.747,-7.729,4.004,0.8078,1918.72,351.75,461.5,1246.7,298.3,955.66
33.40,298.34,40.070,7.749,-7.731,3.998,0.8079,1919.08,351.88,464.1,1249.9,298.3,955.56
33.50,298.34,40.068,7.751,-7.733,3.993,0.8079,1919.40,352.00,466.6,1253.0,298.3,955.46
33.60,298.34,40.066,7.753,-7.735,3.987,0.8080,1919.67,352.11,469.1,1256.1,298.3,955.36
33.70,298.34,40.064,7.755,-7.737,3.982,0.8081,1919.89,352.20,471.7,1259.1,298.3,955.26
33.80,298.34,40.062,7.756,-7.739,3.976,0.8082,1920.07,352.28,474.2,1262.2,298.3,955.15
33.90,298.34,40.059,7.758,-7.741,3.971,0.8083,1920.22,352.35,476.8,1265.3,298.3,955.05
34.00,298.34,40.057,7.759,-7.742,3.966,0.8084,1920.33,352.41,479.3,1268.4,298.3,954.94
34.10,298.34,40.055,7.760,-7.744,3.960,0.8085,1920.21,352.40,481.9,1271.5,298.3,954.83
34.20,298.34,40.053,7.758,-7.742,3.955,0.8086,1919.61,352.24,484.5,1274.5,298.3,954.73
34.30,298.34,40.051,7.757,-7.741,3.949,0.8086,1919.06,352.10,487.1,1277.6,298.3,954.63
34.40,298.34,40.048,7.756,-7.740,3.944,0.8087,1918.61,351.99,489.6,1280.7,298.3,954.53
34.50,298.34,40.047,7.755,-7.738,3.938,0.8088,1918.27,351.91,492.2,1283.7,298.3,954.44
34.60,298.34,40.045,7.757,-7.740,3.933,0.8089,1918.58,352.03,494.8,1286.8,298.3,954.35
34.70,298.34,40.043,7.759,-7.741,3.928,0.8089,1918.95,352.16,497.4,1289.8,298.3,954.25
34.80,298.34,40.041,7.761,-7.743,3.922,0.8090,1919.26,352.28,500.0,1292.9,298.3,954.16
34.90,298.34,40.039,7.763,-7.745,3.917,0.8091,1919.53,352.38,502.6,1295.9,298.3,954.06
35.00,298.34,40.037,7.765,-7.747,3.911,0.8092,1919.75,352.47,505.2,1299.0,298.3,953.96
35.10,298.34,40.035,7.766,-7.749,3.906,0.8093,1919.93,352.55,507.8,1302.0,298.3,953.86
35.20,298.34,40.032,7.768,-7.751,3.900,0.8094,1920.08,352.62,510.5,1305.0,298.3,953.76
35.30,298.34,40.030,7.769,-7.753,3.895,0.8095,1920.10,352.65,513.1,1308.0,298.3,953.66
35.40,298.34,40.028,7.767,-7.752,3.890,0.8095,1919.54,352.51,515.7,1311.1,298.3,953.56
35.50,298.34,40.026,7.766,-7.750,3.884,0.8096,1919.00,352.37,518.4,1314.1,298.3,953.47
35.60,298.34,40.024,7.765,-7.749,3.879,0.8097,1918.53,352.25,521.0,1317.1,298.3,953.37
35.70,298.34,40.022,7.764,-7.748,3.873,0.8098,1918.15,352.15,523.6,1320.1,298.3,953.28
35.80,298.34,40.021,7.765,-7.748,3.868,0.8098,1918.17,352.18,526.3,1323.1,298.3,953.20
35.90,298.34,40.019,7.767,-7.750,3.862,0.8099,1918.56,352.32,528.9,1326.1,298.3,953.11
36.00,298.34,40.017,7.769,-7.752,3.857,0.8100,1918.92,352.45,531.6,1329.1,298.3,953.02
36.10,298.34,40.015,7.771,-7.754,3.852,0.8101,1919.22,352.56,534.3,1332.1,298.3,952.93
36.20,298.34,40.013,7.773,-7.756,3.846,0.8101,1919.47,352.66,536.9,1335.0,298.3,952.84
36.30,298.34,40.011,7.774,-7.758,3.841,0.8102,1919.68,352.75,539.6,1338.0,298.3,952.75
36.40,298.34,40.009,7.776,-7.760,3.835,0.8103,1919.84,352.82,542.3,1341.0,298.3,952.65
36.50,298.33,40.007,7.776,-7.761,3.830,0.8104,1919.76,352.82,545.0,1344.0,298.3,952.55
36.60,298.33,40.005,7.775,-7.760,3.825,0.8105,1919.19,352.67,547.7,1346.9,298.3,952.46
36.70,298.33,40.003,7.774,-7.759,3.819,0.8105,1918.68,352.54,550.3,1349.9,298.3,952.37
36.80,298.33,40.001,7.772,-7.757,3.814,0.8106,1918.24,352.43,553.0,1352.8,298.3,952.28
36.90,298.33,40.000,7.772,-7.756,3.809,0.8107,1917.88,352.33,555.7,1355.8,298.3,952.20
37.00,298.33,39.998,7.772,-7.756,3.803,0.8107,1917.85,352.34,558.4,1358.7,298.3,952.12
37.10,298.33,39.996,7.775,-7.758,3.798,0.8108,1918.26,352.49,561.2,1361.7,298.3,952.04
37.20,298.33,39.994,7.777,-7.760,3.793,0.8109,1918.63,352.62,563.9,1364.6,298.3,951.95
37.30,298.33,39.993,7.779,-7.762,3.788,0.8109,1918.95,352.74,566.6,1367.5,298.3,951.87
37.40,298.33,39.991,7.781,-7.764,3.782,0.8110,1919.22,352.84,569.3,1370.5,298.3,951.78
37.50,298.33,39.989,7.782,-7.766,3.777,0.8111,1919.44,352.93,572.0,1373.4,298.3,951.69
37.60,298.33,39.987,7.784,-7.768,3.772,0.8112,1919.61,353.01,574.8,1376.3,298.3,951.60
37.70,298.33,39.985,7.784,-7.769,3.767,0.8112,1919.60,353.03,577.5,1379.2,298.3,951.51
37.80,298.33,39.983,7.783,-7.769,3.761,0.8113,1919.06,352.88,580.3,1382.1,298.3,951.42
37.90,298.33,39.981,7.781,-7.767,3.756,0.8114,1918.54,352.75,583.0,1385.0,298.3,951.33
38.00,298.33,39.980,7.780,-7.766,3.751,0.8115,1918.10,352.63,585.8,1387.9,298.3,951.25
38.10,298.33,39.978,7.779,-7.765,3.746,0.8115,1917.74,352.54,588.5,1390.8,298.3,951.17
38.20,298.33,39.976,7.779,-7.764,3.741,0.8116,1917.48,352.48,591.3,1393.7,298.3,951.09
38.30,298.33,39.975,7.781,-7.765,3.735,0.8116,1917.86,352.62,594.0,1396.6,298.3,951.02
38.40,298.33,39.973,7.784,-7.767,3.730,0.8117,1918.28,352.76,596.8,1399.5,298.3,950.94
38.50,298.33,39.971,7.786,-7.769,3.725,0.8118,1918.64,352.89,599.6,1402.4,298.3,950.86
38.60,298.33,39.970,7.788,-7.771,3.720,0.8118,1918.94,353.00,602.4,1405.3,298.3,950.78
38.70,298.33,39.968,7.789,-7.773,3.714,0.8119,1919.19,353.10,605.1,1408.1,298.3,950.70
38.80,298.33,39.966,7.791,-7.775,3.709,0.8120,1919.39,353.18,607.9,1411.0,298.3,950.61
38.90,298.33,39.964,7.792,-7.777,3.704,0.8121,1919.41,353.21,610.7,1413.8,298.3,950.52
39.00,298.33,39.963,7.790,-7.776,3.699,0.8121,1918.88,353.07,613.5,1416.7,298.3,950.44
39.10,298.33,39.961,7.789,-7.775,3.694,0.8122,1918.38,352.94,616.3,1419.6,298.3,950.36
39.20,298.33,39.959,7.788,-7.774,3.688,0.8123,1917.96,352.83,619.1,1422.4,298.3,950.28
39.30,298.33,39.958,7.787,-7.773,3.683,0.8123,1917.60,352.74,621.9,1425.2,298.3,950.20
39.40,298.33,39.956,7.786,-7.771,3.678,0.8124,1917.30,352.66,624.7,1428.1,298.3,950.13
39.50,298.33,39.955,7.788,-7.772,3.673,0.8124,1917.53,352.75,627.5,1430.9,298.3,950.06
39.60,298.33,39.953,7.790,-7.774,3.668,0.8125,1917.97,352.90,630.4,1433.7,298.3,949.99
39.70,298.33,39.951,7.792,-7.776,3.663,0.8126,1918.36,353.04,633.2,1436.6,298.3,949.91
39.80,298.33,39.950,7.794,-7.778,3.657,0.8126,1918.69,353.16,636.0,1439.4,298.3,949.84
39.90,298.33,39.948,7.796,-7.781,3.652,0.8127,1918.96,353.26,638.9,1442.2,298.3,949.76
40.00,298.33,39.946,7.798,-7.783,3.647,0.8128,1919.18,353.35,641.7,1445.0,298.3,949.67
40.10,298.33,39.945,7.798,-7.784,3.642,0.8128,1919.08,353.34,644.5,1447.8,298.3,949.59
40.20,298.33,39.943,7.796,-7.783,3.637,0.8129,1918.56,353.20,647.4,1450.6,298.3,949.51
40.30,298.33,39.941,7.795,-7.782,3.632,0.8130,1918.09,353.08,650.2,1453.4,298.3,949.43
40.40,298.33,39.940,7.794,-7.781,3.627,0.8130,1917.69,352.97,653.1,1456.2,298.3,949.36
40.50,298.33,39.938,7.793,-7.780,3.622,0.8131,1917.36,352.89,656.0,1459.0,298.3,949.29
40.60,298.33,39.937,7.793,-7.778,3.617,0.8131,1917.08,352.82,658.8,1461.8,298.3,949.22
40.70,298.33,39.936,7.795,-7.780,3.611,0.8132,1917.39,352.93,661.7,1464.6,298.3,949.16
40.80,298.33,39.934,7.797,-7.782,3.606,0.8132,1917.84,353.08,664.6,1467.3,298.3,949.09
40.90,298.33,39.933,7.799,-7.784,3.601,0.8133,1918.23,353.22,667.4,1470.1,298.3,949.02
41.00,298.33,39.931,7.801,-7.786,3.596,0.8134,1918.55,353.34,670.3,1472.9,298.3,948.94
41.10,298.33,39.929,7.803,-7.788,3.591,0.8134,1918.82,353.44,673.2,1475.6,298.3,948.87
41.20,298.33,39.928,7.804,-7.790,3.586,0.8135,1919.04,353.52,676.1,1478.4,298.3,948.79
41.30,298.33,39.926,7.804,-7.790,3.581,0.8136,1918.68,353.43,679.0,1481.2,298.3,948.71
41.40,298.33,39.925,7.802,-7.789,3.576,0.8136,1918.19,353.30,681.9,1483.9,298.3,948.64
41.50,298.33,39.923,7.801,-7.788,3.571,0.8137,1917.76,353.19,684.8,1486.6,298.3,948.57
41.60,298.33,39.922,7.800,-7.787,3.566,0.8137,1917.40,353.09,687.7,1489.4,298.3,948.50
41.70,298.33,39.920,7.799,-7.786,3.561,0.8138,1917.10,353.02,690.6,1492.1,298.3,948.43
41.80,298.33,39.919,7.799,-7.785,3.556,0.8138,1916.86,352.96,693.5,1494.9,298.3,948.37
41.90,298.33,39.918,7.801,-7.786,3.551,0.8139,1917.25,353.10,696.4,1497.6,298.3,948.31
42.00,298.33,39.916,7.803,-7.788,3.546,0.8140,1917.71,353.25,699.3,1500.3,298.3,948.24
42.10,298.33,39.915,7.806,-7.791,3.541,0.8140,1918.11,353.39,702.3,1503.0,298.3,948.17
42.20,298.33,39.913,7.808,-7.793,3.536,0.8141,1918.44,353.51,705.2,1505.7,298.3,948.10
42.30,298.33,39.912,7.809,-7.795,3.531,0.8141,1918.71,353.61,708.1,1508.4,298.3,948.03
42.40,298.33,39.910,7.810,-7.797,3.526,0.8142,1918.84,353.67,711.0,1511.1,298.3,947.96
42.50,298.33,39.909,7.809,-7.796,3.521,0.8143,1918.38,353.55,714.0,1513.8,298.3,947.88
42.60,298.33,39.907,7.808,-7.795,3.516,0.8143,1917.91,353.42,716.9,1516.5,298.3,947.81
42.70,298.33,39.906,7.807,-7.794,3.511,0.8144,1917.52,353.32,719.9,1519.2,298.3,947.74
42.80,298.33,39.904,7.806,-7.793,3.506,0.8144,1917.18,353.23,722.8,1521.9,298.3,947.68
42.90,298.33,39.903,7.805,-7.792,3.501,0.8145,1916.90,353.16,725.8,1524.6,298.3,947.62
43.00,298.33,39.902,7.805,-7.791,3.496,0.8145,1916.67,353.10,728.7,1527.3,298.3,947.56
43.10,298.32,39.901,7.806,-7.792,3.491,0.8146,1916.95,353.20,731.7,1529.9,298.3,947.50
43.20,298.32,39.899,7.809,-7.794,3.486,0.8146,1917.44,353.37,734.7,1532.6,298.3,947.44
43.30,298.32,39.898,7.811,-7.796,3.482,0.8147,1917.86,353.51,737.6,1535.3,298.3,947.38
43.40,298.32,39.897,7.813,-7.799,3.477,0.8147,1918.22,353.64,740.6,1537.9,298.3,947.31
43.50,298.32,39.895,7.815,-7.801,3.472,0.8148,1918.51,353.75,743.6,1540.6,298.3,947.24
43.60,298.32,39.894,7.816,-7.803,3.467,0.8149,1918.66,353.81,746.6,1543.2,298.3,947.17
43.70,298.32,39.892,7.815,-7.802,3.462,0.8149,1918.21,353.69,749.6,1545.9,298.3,947.10
43.80,298.32,39.891,7.814,-7.802,3.457,0.8150,1917.76,353.56,752.6,1548.5,298.3,947.04
43.90,298.32,39.890,7.813,-7.801,3.452,0.8150,1917.36,353.46,755.5,1551.2,298.3,946.97
44.00,298.32,39.888,7.812,-7.800,3.447,0.8151,1917.03,353.37,758.5,1553.8,298.3,946.91
44.10,298.32,39.887,7.811,-7.799,3.442,0.8151,1916.76,353.30,761.5,1556.4,298.3,946.85
44.20,298.32,39.886,7.811,-7.798,3.438,0.8152,1916.53,353.25,764.6,1559.0,298.3,946.80
44.30,298.32,39.885,7.812,-7.798,3.433,0.8152,1916.68,353.31,767.6,1561.7,298.3,946.74
44.40,298.32,39.884,7.814,-7.800,3.428,0.8153,1917.19,353.48,770.6,1564.3,298.3,946.69
44.50,298.32,39.882,7.816,-7.802,3.423,0.8153,1917.63,353.63,773.6,1566.9,298.3,946.63
44.60,298.32,39.881,7.818,-7.805,3.418,0.8154,1918.01,353.76,776.6,1569.5,298.3,946.56
44.70,298.32,39.880,7.820,-7.807,3.413,0.8154,1918.32,353.87,779.6,1572.1,298.3,946.50
44.80,298.32,39.878,7.821,-7.809,3.409,0.8155,1918.43,353.92,782.7,1574.7,298.3,946.43
44.90,298.32,39.877,7.820,-7.808,3.404,0.8155,1917.98,353.80,785.7,1577.3,298.3,946.37
45.00,298.32,39.875,7.819,-7.807,3.399,0.8156,1917.55,353.68,788.7,1579.9,298.3,946.30
45.10,298.32,39.874,7.818,-7.806,3.394,0.8156,1917.18,353.58,791.8,1582.5,298.3,946.24
45.20,298.32,39.873,7.817,-7.805,3.389,0.8157,1916.87,353.50,794.8,1585.0,298.3,946.19
45.30,298.32,39.872,7.816,-7.804,3.385,0.8157,1916.61,353.44,797.8,1587.6,298.3,946.13
45.40,298.32,39.871,7.816,-7.803,3.380,0.8158,1916.39,353.38,800.9,1590.2,298.3,946.08
45.50,298.32,39.870,7.816,-7.803,3.375,0.8158,1916.43,353.41,803.9,1592.7,298.3,946.03
45.60,298.32,39.869,7.819,-7.805,3.370,0.8158,1916.94,353.58,807.0,1595.3,298.3,945.97
45.70,298.32,39.867,7.821,-7.808,3.365,0.8159,1917.41,353.74,810.1,1597.9,298.3,945.92
45.80,298.32,39.866,7.824,-7.810,3.361,0.8159,1917.81,353.87,813.1,1600.4,298.3,945.86
45.90,298.32,39.865,7.825,-7.812,3.356,0.8160,1918.15,353.99,816.2,1603.0,298.3,945.80
46.00,298.32,39.864,7.826,-7.814,3.351,0.8161,1918.27,354.05,819.3,1605.5,298.3,945.74
46.10,298.32,39.862,7.825,-7.814,3.346,0.8161,1917.84,353.93,822.3,1608.0,298.3,945.67
46.20,298.32,39.861,7.824,-7.813,3.342,0.8162,1917.42,353.81,825.4,1610.6,298.3,945.61
46.30,298.32,39.860,7.823,-7.812,3.337,0.8162,1917.06,353.72,828.5,1613.1,298.3,945.55
46.40,298.32,39.859,7.822,-7.811,3.332,0.8162,1916.75,353.64,831.6,1615.6,298.3,945.50
46.50,298.32,39.857,7.822,-7.810,3.327,0.8163,1916.49,353.57,834.7,1618.1,298.3,945.45
46.60,298.32,39.856,7.821,-7.809,3.323,0.8163,1916.28,353.52,837.8,1620.7,298.3,945.40
46.70,298.32,39.855,7.821,-7.808,3.318,0.8164,1916.12,353.48,840.8,1623.2,298.3,945.35
46.80,298.32,39.854,7.823,-7.810,3.313,0.8164,1916.57,353.63,843.9,1625.7,298.3,945.30
46.90,298.32,39.853,7.826,-7.812,3.309,0.8165,1917.08,353.80,847.0,1628.2,298.3,945.25
47.00,298.32,39.852,7.828,-7.815,3.304,0.8165,1917.52,353.95,850.2,1630.7,298.3,945.20
47.10,298.32,39.851,7.830,-7.817,3.299,0.8166,1917.89,354.08,853.3,1633.2,298.3,945.14
47.20,298.32,39.850,7.831,-7.819,3.294,0.8166,1918.10,354.15,856.4,1635.7,298.3,945.08
47.30,298.32,39.848,7.830,-7.819,3.290,0.8167,1917.70,354.05,859.5,1638.2,298.3,945.02
47.40,298.32,39.847,7.829,-7.818,3.285,0.8167,1917.29,353.94,862.6,1640.6,298.3,944.96
47.50,298.32,39.846,7.828,-7.817,3.280,0.8167,1916.94,353.84,865.7,1643.1,298.3,944.91
47.60,298.32,39.845,7.827,-7.816,3.276,0.8168,1916.64,353.76,868.9,1645.6,298.3,944.86
47.70,298.32,39.844,7.826,-7.815,3.271,0.8168,1916.39,353.70,872.0,1648.1,298.3,944.81
47.80,298.32,39.843,7.826,-7.814,3.267,0.8169,1916.18,353.64,875.1,1650.5,298.3,944.76
47.90,298.32,39.842,7.826,-7.814,3.262,0.8169,1916.01,353.61,878.2,1653.0,298.3,944.71
48.00,298.32,39.841,7.827,-7.814,3.257,0.8169,1916.28,353.70,881.4,1655.4,298.3,944.67
48.10,298.32,39.840,7.830,-7.817,3.253,0.8170,1916.81,353.87,884.5,1657.9,298.3,944.62
48.20,298.32,39.839,7.832,-7.819,3.248,0.8170,1917.28,354.03,887.7,1660.3,298.3,944.57
48.30,298.32,39.838,7.834,-7.822,3.243,0.8171,1917.67,354.16,890.8,1662.8,298.3,944.52
48.40,298.32,39.837,7.836,-7.824,3.239,0.8171,1917.95,354.26,894.0,1665.2,298.3,944.46
48.50,298.32,39.835,7.835,-7.824,3.234,0.8172,1917.59,354.17,897.1,1667.6,298.3,944.41
48.60,298.32,39.834,7.833,-7.823,3.230,0.8172,1917.19,354.06,900.3,1670.1,298.3,944.35
48.70,298.32,39.833,7.832,-7.822,3.225,0.8173,1916.85,353.96,903.4,1672.5,298.3,944.30
48.80,298.32,39.832,7.832,-7.821,3.220,0.8173,1916.55,353.89,906.6,1674.9,298.3,944.25
48.90,298.32,39.831,7.831,-7.820,3.216,0.8173,1916.30,353.82,909.8,1677.3,298.3,944.20
49.00,298.32,39.830,7.831,-7.820,3.211,0.8174,1916.09,353.77,912.9,1679.7,298.3,944.16
49.10,298.32,39.829,7.830,-7.819,3.207,0.8174,1915.93,353.73,916.1,1682.1,298.3,944.11
49.20,298.32,39.828,7.831,-7.819,3.202,0.8174,1915.94,353.74,919.3,1684.5,298.3,944.07
49.30,298.32,39.828,7.833,-7.821,3.198,0.8175,1916.48,353.92,922.5,1686.9,298.3,944.03
49.40,298.32,39.827,7.836,-7.823,3.193,0.8175,1916.98,354.09,925.7,1689.3,298.3,943.98
49.50,298.32,39.826,7.838,-7.826,3.188,0.8176,1917.41,354.23,928.8,1691.7,298.3,943.93
49.60,298.32,39.824,7.840,-7.828,3.184,0.8176,1917.77,354.35,932.0,1694.1,298.3,943.88
49.70,298.32,39.823,7.839,-7.828,3.179,0.8177,1917.52,354.29,935.2,1696.5,298.3,943.83
49.80,298.32,39.822,7.838,-7.828,3.175,0.8177,1917.13,354.18,938.4,1698.9,298.3,943.77
49.90,298.32,39.821,7.837,-7.827,3.170,0.8177,1916.78,354.09,941.6,1701.2,298.3,943.73
50.00,298.32,39.820,7.836,-7.826,3.166,0.8178,1916.48,354.01,944.8,1703.6,298.3,943.68
50.10,298.32,39.819,7.836,-7.825,3.161,0.8178,1916.23,353.94,948.0,1706.0,298.3,943.63
50.20,298.32,39.818,7.835,-7.825,3.157,0.8178,1916.02,353.89,951.2,1708.3,298.3,943.59
50.30,298.32,39.817,7.835,-7.824,3.152,0.8179,1915.85,353.85,954.4,1710.7,298.3,943.55
50.40,298.32,39.817,7.834,-7.823,3.148,0.8179,1915.71,353.81,957.7,1713.0,298.3,943.51
50.50,298.32,39.816,7.836,-7.824,3.143,0.8179,1915.94,353.89,960.9,1715.4,298.3,943.47
50.60,298.32,39.815,7.838,-7.826,3.139,0.8180,1916.50,354.07,964.1,1717.7,298.3,943.43
50.70,298.32,39.814,7.841,-7.829,3.134,0.8180,1916.99,354.24,967.3,1720.1,298.3,943.39
50.80,298.31,39.813,7.843,-7.831,3.130,0.8181,1917.40,354.38,970.6,1722.4,298.3,943.34
50.90,298.31,39.812,7.844,-7.833,3.125,0.8181,1917.60,354.45,973.8,1724.7,298.3,943.29
51.00,298.31,39.811,7.843,-7.833,3.121,0.8182,1917.23,354.35,977.0,1727.0,298.3,943.24
51.10,298.31,39.810,7.842,-7.832,3.116,0.8182,1916.86,354.25,980.3,1729.4,298.3,943.19
51.20,298.31,39.809,7.841,-7.831,3.112,0.8182,1916.54,354.16,983.5,1731.7,298.3,943.14
51.30,298.31,39.808,7.840,-7.831,3.108,0.8183,1916.27,354.09,986.7,1734.0,298.3,943.10
51.40,298.31,39.807,7.840,-7.830,3.103,0.8183,1916.04,354.03,990.0,1736.3,298.3,943.05
51.50,298.31,39.806,7.839,-7.829,3.099,0.8183,1915.85,353.98,993.2,1738.6,298.3,943.01
51.60,298.31,39.805,7.839,-7.828,3.094,0.8184,1915.69,353.94,996.5,1740.9,298.3,942.98
51.70,298.31,39.805,7.839,-7.828,3.090,0.8184,1915.57,353.91,999.7,1743.2,298.3,942.94
51.80,298.31,39.804,7.840,-7.828,3.085,0.8184,1915.80,353.99,1003.0,1745.5,298.3,942.90
51.90,298.31,39.803,7.842,-7.831,3.081,0.8184,1916.38,354.18,1006.2,1747.8,298.3,942.87
52.00,298.31,39.802,7.845,-7.833,3.077,0.8185,1916.88,354.34,1009.5,1750.0,298.3,942.82
52.10,298.31,39.801,7.847,-7.836,3.072,0.8185,1917.30,354.48,1012.8,1752.3,298.3,942.78
52.20,298.31,39.800,7.847,-7.837,3.068,0.8186,1917.31,354.50,1016.0,1754.6,298.3,942.73
52.30,298.31,39.799,7.846,-7.837,3.063,0.8186,1916.95,354.40,1019.3,1756.9,298.3,942.68
52.40,298.31,39.798,7.845,-7.836,3.059,0.8186,1916.61,354.31,1022.6,1759.1,298.3,942.64
52.50,298.31,39.797,7.845,-7.835,3.055,0.8187,1916.32,354.23,1025.9,1761.4,298.3,942.59
52.60,298.31,39.796,7.844,-7.835,3.050,0.8187,1916.07,354.16,1029.1,1763.6,298.3,942.55
52.70,298.31,39.796,7.843,-7.834,3.046,0.8187,1915.87,354.11,1032.4,1765.9,298.3,942.52
52.80,298.31,39.795,7.843,-7.833,3.042,0.8188,1915.70,354.06,1035.7,1768.1,298.3,942.48
52.90,298.31,39.794,7.843,-7.832,3.037,0.8188,1915.56,354.03,1039.0,1770.4,298.3,942.44
53.00,298.31,39.793,7.842,-7.832,3.033,0.8188,1915.45,354.01,1042.3,1772.6,298.3,942.41
53.10,298.31,39.793,7.844,-7.833,3.029,0.8189,1915.76,354.11,1045.6,1774.8,298.3,942.37
53.20,298.31,39.792,7.847,-7.835,3.024,0.8189,1916.33,354.30,1048.9,1777.1,298.3,942.34
53.30,298.31,39.791,7.849,-7.838,3.020,0.8189,1916.83,354.46,1052.2,1779.3,298.3,942.30
53.40,298.31,39.790,7.851,-7.840,3.016,0.8190,1917.24,354.60,1055.5,1781.5,298.3,942.25
53.50,298.31,39.789,7.851,-7.841,3.011,0.8190,1917.05,354.55,1058.8,1783.7,298.3,942.21
53.60,298.31,39.788,7.850,-7.840,3.007,0.8190,1916.70,354.45,1062.1,1785.9,298.3,942.17
53.70,298.31,39.787,7.849,-7.840,3.003,0.8191,1916.39,354.37,1065.4,1788.1,298.3,942.12
53.80,298.31,39.786,7.848,-7.839,2.998,0.8191,1916.13,354.30,1068.7,1790.3,298.3,942.08
53.90,298.31,39.786,7.847,-7.838,2.994,0.8191,1915.90,354.24,1072.0,1792.5,298.3,942.05
54.00,298.31,39.785,7.847,-7.838,2.990,0.8192,1915.71,354.19,1075.3,1794.7,298.3,942.01
54.10,298.31,39.784,7.847,-7.837,2.985,0.8192,1915.55,354.15,1078.7,1796.9,298.3,941.98
54.20,298.31,39.783,7.846,-7.836,2.981,0.8192,1915.43,354.12,1082.0,1799.1,298.3,941.94
54.30,298.31,39.783,7.846,-7.836,2.977,0.8192,1915.33,354.09,1085.3,1801.3,298.3,941.91
54.40,298.31,39.782,7.847,-7.837,2.973,0.8193,1915.58,354.18,1088.6,1803.5,298.3,941.88
54.50,298.31,39.781,7.850,-7.839,2.968,0.8193,1916.17,354.37,1092.0,1805.7,298.3,941.85
54.60,298.31,39.781,7.853,-7.842,2.964,0.8193,1916.68,354.53,1095.3,1807.8,298.3,941.81
54.70,298.31,39.780,7.855,-7.844,2.960,0.8194,1917.10,354.68,1098.6,1810.0,298.3,941.77
54.80,298.31,39.779,7.854,-7.845,2.956,0.8194,1916.93,354.63,1102.0,1812.1,298.3,941.72
54.90,298.31,39.778,7.853,-7.844,2.951,0.8194,1916.59,354.54,1105.3,1814.3,298.3,941.68
55.00,298.31,39.777,7.852,-7.844,2.947,0.8195,1916.29,354.46,1108.7,1816.5,298.3,941.64
55.10,298.31,39.776,7.852,-7.843,2.943,0.8195,1916.02,354.38,1112.0,1818.6,298.3,941.61
55.20,298.31,39.776,7.851,-7.842,2.939,0.8195,1915.80,354.32,1115.4,1820.7,298.3,941.57
55.30,298.31,39.775,7.850,-7.842,2.934,0.8196,1915.62,354.28,1118.7,1822.9,298.3,941.54
55.40,298.31,39.774,7.850,-7.841,2.930,0.8196,1915.46,354.24,1122.1,1825.0,298.3,941.50
55.50,298.31,39.774,7.850,-7.840,2.926,0.8196,1915.34,354.21,1125.4,1827.2,298.3,941.47
55.60,298.31,39.773,7.850,-7.840,2.922,0.8196,1915.24,354.18,1128.8,1829.3,298.3,941.44
55.70,298.31,39.772,7.850,-7.839,2.918,0.8197,1915.21,354.18,1132.2,1831.4,298.3,941.41
55.80,298.31,39.772,7.852,-7.842,2.913,0.8197,1915.77,354.36,1135.5,1833.5,298.3,941.38
55.90,298.31,39.771,7.855,-7.844,2.909,0.8197,1916.33,354.54,1138.9,1835.6,298.3,941.35
56.00,298.31,39.770,7.857,-7.847,2.905,0.8198,1916.80,354.70,1142.3,1837.7,298.3,941.31
56.10,298.31,39.769,7.858,-7.848,2.901,0.8198,1916.86,354.73,1145.6,1839.9,298.3,941.27
56.20,298.31,39.768,7.857,-7.848,2.897,0.8198,1916.54,354.64,1149.0,1842.0,298.3,941.23
56.30,298.31,39.768,7.856,-7.847,2.893,0.8199,1916.24,354.55,1152.4,1844.1,298.3,941.19
56.40,298.31,39.767,7.855,-7.847,2.888,0.8199,1915.98,354.48,1155.8,1846.1,298.3,941.16
56.50,298.31,39.766,7.854,-7.846,2.884,0.8199,1915.76,354.42,1159.2,1848.2,298.3,941.12
56.60,298.31,39.766,7.854,-7.846,2.880,0.8199,1915.57,354.37,1162.5,1850.3,298.3,941.09
56.70,298.31,39.765,7.854,-7.845,2.876,0.8200,1915.41,354.33,1165.9,1852.4,298.3,941.06
56.80,298.31,39.764,7.853,-7.844,2.872,0.8200,1915.28,354.30,1169.3,1854.5,298.3,941.03
56.90,298.31,39.764,7.853,-7.844,2.868,0.8200,1915.18,354.27,1172.7,1856.6,298.3,941.00
57.00,298.31,39.763,7.853,-7.843,2.864,0.8200,1915.10,354.26,1176.1,1858.6,298.3,940.98
57.10,298.31,39.763,7.854,-7.844,2.859,0.8200,1915.24,354.31,1179.5,1860.7,298.3,940.95
57.20,298.31,39.762,7.857,-7.846,2.855,0.8201,1915.84,354.50,1182.9,1862.7,298.3,940.92
57.30,298.31,39.761,7.859,-7.849,2.851,0.8201,1916.38,354.67,1186.3,1864.8,298.3,940.89
57.40,298.31,39.760,7.861,-7.851,2.847,0.8201,1916.82,354.82,1189.7,1866.9,298.3,940.85
57.50,298.31,39.760,7.861,-7.852,2.843,0.8202,1916.62,354.76,1193.1,1868.9,298.3,940.81
57.60,298.31,39.759,7.860,-7.851,2.839,0.8202,1916.30,354.68,1196.5,1870.9,298.3,940.78
57.70,298.31,39.758,7.859,-7.851,2.835,0.8202,1916.03,354.60,1200.0,1873.0,298.3,940.74
57.80,298.31,39.757,7.858,-7.850,2.831,0.8203,1915.79,354.54,1203.4,1875.0,298.3,940.71
57.90,298.31,39.757,7.857,-7.850,2.827,0.8203,1915.58,354.48,1206.8,1877.1,298.3,940.68
58.00,298.31,39.756,7.857,-7.849,2.823,0.8203,1915.41,354.43,1210.2,1879.1,298.3,940.65
58.10,298.31,39.756,7.857,-7.849,2.819,0.8203,1915.27,354.40,1213.6,1881.1,298.3,940.62
58.20,298.31,39.755,7.856,-7.848,2.815,0.8203,1915.15,354.37,1217.1,1883.1,298.3,940.59
58.30,298.31,39.754,7.856,-7.847,2.811,0.8204,1915.06,354.35,1220.5,1885.1,298.3,940.57
58.40,298.31,39.754,7.856,-7.847,2.806,0.8204,1914.99,354.33,1223.9,1887.1,298.3,940.54
58.50,298.31,39.753,7.857,-7.847,2.802,0.8204,1915.02,354.35,1227.3,1889.2,298.3,940.52
58.60,298.31,39.753,7.859,-7.849,2.798,0.8204,1915.62,354.54,1230.8,1891.2,298.3,940.49
58.70,298.31,39.752,7.862,-7.852,2.794,0.8205,1916.18,354.72,1234.2,1893.2,298.3,940.46
58.80,298.31,39.751,7.864,-7.855,2.790,0.8205,1916.65,354.87,1237.7,1895.1,298.3,940.43
58.90,298.31,39.751,7.863,-7.855,2.786,0.8205,1916.46,354.82,1241.1,1897.1,298.3,940.39
59.00,298.31,39.750,7.863,-7.854,2.782,0.8206,1916.16,354.74,1244.5,1899.1,298.3,940.36
59.10,298.31,39.749,7.862,-7.854,2.778,0.8206,1915.90,354.67,1248.0,1901.1,298.3,940.32
59.20,298.31,39.749,7.861,-7.853,2.774,0.8206,1915.67,354.60,1251.4,1903.1,298.3,940.29
59.30,298.31,39.748,7.860,-7.853,2.770,0.8206,1915.48,354.55,1254.9,1905.1,298.3,940.26
59.40,298.31,39.747,7.860,-7.852,2.766,0.8206,1915.31,354.51,1258.3,1907.0,298.3,940.24
59.50,298.31,39.747,7.860,-7.852,2.762,0.8207,1915.18,354.47,1261.8,1909.0,298.3,940.21
59.60,298.31,39.746,7.859,-7.851,2.758,0.8207,1915.07,354.44,1265.3,1910.9,298.3,940.18
59.70,298.31,39.746,7.859,-7.851,2.754,0.8207,1914.98,354.42,1268.7,1912.9,298.3,940.16
59.80,298.31,39.745,7.859,-7.850,2.750,0.8207,1914.91,354.41,1272.2,1914.9,298.3,940.13
59.90,298.31,39.745,7.859,-7.850,2.746,0.8207,1914.86,354.40,1275.6,1916.8,298.3,940.11
